user_id,is_active
bf4d7a83-191b-4e27-a59d-aee7a908cd42,True
e6b21a57-363a-4627-bc70-92c35e1e1523,True
2a9c9a9e-d54e-4101-a690-b1931e1492d5,True
68b519fc-dead-4459-b89c-a5b9d6c2ca41,True
2c15b6a2-247a-4252-9dc0-d43fc919cfff,True
b4028ba4-46e8-40a6-82fa-f3d687f9aac1,True
bf923f7a-e591-465b-965c-93e3ac350a1c,True
997ec053-2ca0-4e5e-96ac-65f17b6f1b0e,True
4bf4624d-364e-465f-9536-8376e2066d1c,True
915e57d7-57c7-4d1a-9285-ae57003027ab,True
ac1fdd09-c362-4eea-93cf-6dd6807dcdcb,True
15f49319-bae4-4b40-86e0-e0815fa9e0f9,True
4bd3ea9b-6a5b-4d57-8c4d-586e80e24ae8,True
059cbe6a-15e2-4c53-a1c9-5a5a41bce2b4,True
d748afde-86a3-421d-843f-472c84fc157d,True
ed9ad966-a460-4695-81c7-30e98dd77827,True
a1265ed7-bed5-48e7-bd71-60fde25e1f41,True
7c14dab6-93c1-4038-96dd-a2b76ea95d74,True
5c430105-b496-4b4c-b885-6f6e6b207fcb,True
d27c4608-b69e-4460-b077-1f10202ce7a6,True
1ecd1ea1-21c2-4afe-9312-2ebe07b21a85,True
e81fdf7d-b330-4b1c-af6e-8eb21cbeee22,True
6d8f1b3c-555c-4466-ad43-9105cb1f259c,True
b8e1013e-5593-4757-94ef-c7ddfad9d7f3,True
cae09ed1-11d3-4657-a50c-707e2f1e8ea4,True
91f75682-4caa-4428-957c-7fc87d8a538d,True
107c5319-a9c5-4114-b0c4-5663c7ea0b12,False
64d5029e-1c0a-4ba5-933f-6b1936c4e2b4,True
15dc385b-cbbf-4565-8736-b5a80deedc94,True
972418f2-f4a0-49ed-99bd-3fe2ed09f4eb,True
8745c1f8-4cae-48b5-9a28-24164322f434,True
4f8ee366-f7bd-4f35-9107-8442c0662352,True
8557a160-0e4b-425b-916e-5e3975aeb629,True
0bb5fa26-5ce0-4b76-8522-7ee5fe704784,False
8977f8e6-ad73-48a7-a658-a3eb27f66475,True
bad24d8e-3c05-4fa1-a301-fba43f804ef3,True
1b556b18-c73f-406f-baf2-7be9e0999c6a,True
2545de82-f898-4b09-a03b-956bbe6f167f,True
252ec9af-da5b-426e-9af7-ff8061451aef,True
15f4eb50-7d3c-474f-baf4-9b005cc4aa99,False
e010ec44-82f1-466d-a3eb-a7554c92ad28,True
4cdb426a-86a2-4187-99e1-d44d1a664d05,False
cf114a76-c5e3-4099-8827-4867eed9d5ea,False
986dd2d6-f8c9-41b7-88c6-75c2ddbd496e,False
777c7108-0bdf-4d39-8437-d3cc57bff59b,True
43b18052-e6a5-4706-9364-3485b9d3d6a0,True
b7bfde49-1c8a-4ec7-9252-75e56a5c1f69,True
a98f314f-4234-4453-93b4-8f7703fc1783,True
f9aefcbc-f0e3-43ba-a393-76ac620112f6,True
e2d27a58-1999-4f2b-ab19-c0a0b3cdc32b,False
bcc8a047-c625-40b7-b35b-54f9c177077a,False
ac97cb4c-7857-4c4d-bc9c-3baa29bba55e,False
d4b2d13b-1e30-4fd2-8ad9-336a3bf9f321,True
6c471dfd-8508-4f22-96e3-38a1c36a6e4c,True
46a27939-67c6-4be7-a76c-d9aeee81a427,True
3df8faf8-1045-4721-be99-f1097acce599,True
a9ad9894-4b04-4b98-b403-3c1308cb17ed,True
e206db5f-48a7-41d5-a7a6-277eecb75469,True
300b869f-b9b0-475b-9150-dc593fac2438,True
a8d00089-2c19-4c81-a5d8-79dfd6723053,True
fb8c8939-d716-4910-83d0-2b0686f1ffcc,True
8cc181cc-ba09-453a-b091-f9c8829982c4,True
af5a4671-7805-4192-baf5-5368713cf9fa,True
dbe7a9bd-875a-401f-aae0-0b101ac38c9b,True
e78c7cda-d844-4326-9958-11b9f2451b8c,False
262517dc-6af3-44b2-92d3-f23387285c59,True
0031f204-837c-4ca9-b8e8-b56073282033,True
0f546f7c-bf7b-40e7-a18a-2988195f0b09,True
92de4a79-acdc-41fb-b5dd-7f2189f1e2fc,True
08e12522-265f-475c-a1af-f91fd69f7273,False
54835474-6ac1-4aa7-86b4-ac60eaa2d39f,True
4e991045-070c-45bb-80b6-60f07deafef0,True
9114bcbc-36ac-43a9-a96a-08d54c19efba,True
f7947dd3-f749-4b41-992e-a2d0e990a1a9,True
4a904d24-8a85-4c6d-99d7-316b3f565401,False
0fe3adeb-331b-400d-8807-554d94d40975,True
c3fe8c2c-57b5-4ba0-899a-8b940ba4bdbf,True
ab4f8c13-3967-4623-a550-f4f0c4a9bc99,False
ee89ccbf-558b-4c7c-964c-7ba733763387,True
21bf66a3-76c8-477d-a6f3-d83fd6173d2e,True
171a2aeb-67f8-4f85-bd1f-b06d7e86faa2,True
6c7ec162-f2d4-4607-9204-c5e62cb2a0ad,True
4ee8b9fd-e479-4ba9-8661-017f72ab613f,True
25405114-d09b-43b5-a285-a879380574fb,True
c2a9d229-e8cb-4abc-9921-f326910745d6,True
8263dc12-31c4-4f10-aaec-1084308ac618,True
5a0a36ec-42b1-4483-9678-6333e3a2414b,True
ec565d9f-1b40-4174-8e82-44488fcb3ecb,True
6883bd5b-598c-4087-9af0-72e6dbe07c75,True
c54f901e-c3d5-4914-8e1f-a6c67b443d89,False
71d3e05d-08d0-49ed-bb83-af58ee01d44a,True
9fd38038-0e94-4adc-b2e3-ba70b6d61192,True
ec5ab057-348c-4fc1-aac2-d9dda242df88,False
af198b61-6473-4eb4-be96-10f8de163439,True
07f9d237-d268-424e-a1b0-b891943a6ee9,True
5fd15756-e3f0-41e5-b101-a1b31b0acad8,True
b381e397-c635-4747-8830-76a2fd8f7cf3,True
36975882-c1e9-4b71-9fa3-c2455c118e4a,True
e352ab83-19b6-44bf-8869-a03f642141a9,True
5483344b-4e66-49b3-9fcf-5f6fd1d43537,True
533bf333-71a7-458d-9e16-964dff1ff911,True
d6f212f5-7688-44c3-8b20-21559c5278d6,False
09efa5ce-48ca-4096-a47c-7714b00c413d,True
06719969-dff5-4c1f-b7ad-6b872af7b977,True
d55a9050-e0f8-495d-bf49-866ffc25fb10,True
48f17927-ef36-4f2b-934f-e227471ef135,True
9edc6f3d-0597-498e-bf97-4a898ee5921e,True
708d2c02-d02c-47b4-8cd8-57af910fcdd5,False
d684791c-97fd-460d-ad58-84b1220d2965,True
9e93ff14-45a4-4144-b3dc-dd6b105203b6,True
d8c5a8eb-cae7-41b2-9d6c-c7164f2f1e0e,True
3f57b8a4-999f-4736-83bf-b9207fa7a46b,True
618d83d4-9acf-4dbe-b459-70e46c9dfddf,True
a629328c-6929-4e84-8251-f28220286215,True
c9aa35d3-5430-4cb4-82dc-8b71cc7c6d78,True
f928770b-9569-4710-8d6c-62ef3b04ff75,True
b3172969-fa34-4086-adaa-718c2bd41ba8,True
122b9253-aec8-423d-ae3b-ce5569ceef71,True
8ab0f146-f772-4997-99ae-527908bf755c,True
7cf88e4f-732a-42bb-8922-54e7dd98d323,True
cb7aa3d7-59f6-49a8-b587-e023c5997e08,False
5a50583a-1971-4691-add9-dea3a024151a,True
724e1ed8-bdba-4f36-8f2e-663021e408f1,True
c1cf5e3f-4f2a-483d-98b3-73e8a9887e51,True
c7986bea-8c52-4346-a347-0954e132120a,True
852cd9bf-55a9-4fef-9113-d379f5fc9aa3,True
c70e45cb-7959-4912-a9fa-90b6185c4fe9,True
104b5331-cc00-4f3f-8d4f-a0c477218958,True
d9cd19bf-ae38-4a1c-9926-c77ce42c1edf,True
f53cfe6b-9f4a-40ff-ab7e-ea440ed639dc,True
b151f91a-a925-49ce-8fd4-c175efef34b7,True
f15bba61-521c-4536-afe0-e57d9f37475f,True
cdf429b4-da96-431e-9967-81c06f10c2a6,True
7f62d493-f270-48d9-9a4b-8cb3926b57b9,True
07729f43-3e88-4d1e-9c66-779d8edb838c,True
12ebd3a2-8eb2-49a7-ac70-1072a7c11b84,True
17e2948b-04ed-4cd2-93ba-517c84403286,True
b256720d-86fd-4a84-a309-ee016e4b51f3,False
90a1bf1d-0fc6-40dd-84d4-9e49fcfbc7a5,True
cd86cbfd-6d87-4bde-8345-d6a7eb01f9a2,True
851fe58d-48a4-4c40-b893-e196b1bb3f45,True
8ffeb67d-475e-47c4-a5b0-7aa5a91dc8fd,True
5f1b190e-0558-4f75-8afa-91903137d105,False
cd81801c-1dcc-407f-b7f0-56ea95dbe6e1,True
d3914e04-b649-497a-9b5c-4698ee41fea7,True
cfe1cc69-2358-4cf8-99a5-cb98b70b38e2,True
9d3a36df-4a23-41df-bc6c-012a8fa11add,True
ccca8be6-8527-4923-9035-727cb01fd5ca,True
85c4cddc-1d7e-484c-8acd-02aa1ecb51f4,True
a9c03a62-b941-431d-a86d-902e950cde84,True
28285a50-c23a-4c38-8fdc-37ecf1a6ea7b,True
de450c36-7c10-46f3-b2a2-ca91a28ba917,True
0d2dda67-4f23-45bd-855b-f6a3f04744e9,True
685de201-68b2-4f1a-a7f3-a2b020713ac8,True
3e7a9a0d-c0c8-4f24-a2d5-cad246eb3ad8,True
03b8bfc2-7746-4fd9-aa92-bd621358bbc6,True
f0372fa2-40dc-4ac6-9ffe-7bd4d0e77084,True
648307ff-e2fb-428f-86b0-c47a556384c2,True
bad05fa9-1ddd-4a7a-98f8-0a92694009c8,True
e94e514c-4eca-4e51-ac6f-341d46b50e81,True
df176319-7537-4adf-a23c-fa4f3bbaca83,False
712ead05-45b8-41ab-a7aa-ce360a365c4a,True
e4ddb785-7a94-40a4-a15f-ceb8575afa46,True
6f39355d-8cae-4177-9994-fd6d0e712962,True
6a826057-5227-4d6b-8ce6-70212896a3e9,True
57e5da45-8194-47ab-aeb0-77ba597af27b,False
bb3d770a-9f6c-4bbb-b2dd-ebf7b72af197,True
70845e5f-dc31-4230-9eb3-314355d0a3d9,True
f7e05201-1078-4176-ad4f-43dfb7ef97c5,True
ab415643-32a1-4fbc-a00a-d87975eda767,True
feb92bcd-a3fd-4618-b417-6edbd5168241,True
90c608d5-e7ad-4251-af5d-5641a25e3fa2,True
fe228be2-c718-4b81-afab-9e46ea75dd4a,True
f87616bf-886b-494c-9943-e3d2d56933b0,True
7250b70b-8804-4683-b166-5f48496543f3,True
f6bb62ca-0e53-44fb-a41e-90eed6dd2824,True
49545b23-e63d-4858-90bd-45b5d578405e,True
d6adc3f1-a62d-44e6-947b-d490e55dc130,True
2da3dbd0-66a4-404e-a611-3529bfc9c695,True
a9ed9474-c7e0-4833-83c6-5c4b2e7e8d14,True
abf50652-7153-49c6-92a9-0de3dd472295,False
a3bfe3fc-0ccb-47ee-8b85-061335fd3397,True
d6aea1a0-22b4-4131-b0ed-9d8214c17c7f,True
73554c8a-6d0c-446f-ba62-92f8e9bc6b14,True
0d96ee67-952a-4fde-b70f-8d16ea895fbb,True
d182ba37-2885-46e6-a689-ea99aec569a0,True
7d4acb57-70ab-49ec-bc74-917fd6b1f74b,False
13d5ce92-8965-4a40-82fd-7f3bb7c05478,False
1c76b016-c558-4bae-a7a4-1042a3aae5bd,True
fb0da48d-c4b0-4f2c-ac63-ac100f79d9e6,True
84874367-769d-46cd-99f9-d3cd0dba139f,True
9abb7c44-6260-4f5a-9119-0a9dbf7208d2,True
c2f9edbb-4b69-47df-8e99-220237d66fa9,True
fa9e3807-14c0-40ef-8bd0-06117e9c3966,True
4ac48a66-27e0-4723-a424-ca3b638ecbaf,True
50e007af-a0e5-475f-ad2d-535f15893e6f,True
b0525ef2-31b6-4976-b0b2-0d8962c67025,False
3aaaee49-cc95-4b97-9073-295fa46b667f,True
c39eee75-e095-4366-94e6-c72426ff7dea,False
8b181f2b-b3cc-4906-a978-b476efe5c53c,False
5d97aa5f-1160-4c5f-b419-a0da71955117,True
c8a91112-8990-43ab-ba5f-417cadace390,True
52fd5733-ae19-4555-a39c-084209bda8b5,True
2e5f3b7c-a9c4-4c6f-bf31-03569f23e58f,True
bb8da3a5-e4d0-43b2-bbf9-af20aab70f47,True
4762d34c-38d2-4cbe-b313-8c2509a7290e,True
61a1b14a-d4e4-4c76-9e4c-4d012b0442e6,True
340fff2f-23c1-4c10-a318-da43385c130a,True
6add2704-2e73-4a9f-b27d-885d84474673,True
f12e7c76-41ba-404f-a4dd-1e4070c5b15b,True
7d12725b-6cab-48e7-b579-eb737e146f40,True
29413ec4-3967-4550-823d-b8ada142f7c9,True
59af30c9-d88d-479d-9132-74f3c86eafdc,True
fcd046ee-11b9-473c-88d2-155d3ecc3356,True
5609d936-fb93-4c2b-a75f-afba17ee7e5a,True
5735f949-2dd4-42ab-9026-e1f287dfb81f,True
b6457108-fc99-47e4-af41-c27058a78d4c,True
f101eea9-0afa-47fd-9d92-803ba2b20225,True
8d3818b5-fb31-4743-bdfe-44591955acf5,True
d4a3c010-81c4-4d2b-b837-636ac1562e85,True
ae09b2de-60ad-4e09-a83f-4a1bde4769c5,True
f2a0040e-d5a9-4728-b831-e94fe3ed6312,True
ecaf4be7-98fe-478e-8f1f-df713347501a,True
a604eb52-4219-4bcd-9f5b-3aa5445e1ee1,True
b8b1c81b-8db8-4dbd-bc6a-1d9ea773c47f,True
109af34d-7496-46ee-a073-1b62ffc4f07b,True
842b90c9-6887-4211-888f-6f38a20100fe,True
53ce340c-21a0-4f04-a8b4-82ee5f97e687,True
eac039d8-3d6c-4757-b767-11ad815d760e,True
02fdf043-a1a7-4d69-8987-dddebb90b076,True
469be2d1-24e5-4e9f-abfe-6808d61d06d4,False
dd7f8185-cabc-4c0c-b633-c6fd0d0e6c08,True
c1f538d9-207d-4a82-815d-ef70db6235ec,True
3423e260-f026-4923-a88a-e8ff674deac6,False
1aa6b6af-ebc7-453a-8bec-ae42b9c8a1c4,True
f352fdf3-28f2-4fc8-8261-51f1bb92a572,True
52e21f32-17ab-4a56-b0ce-42577479d3a2,False
a1cfd8cc-72cc-4316-92f0-16cb82ba197a,True
b0959580-207f-4690-96a0-90896b0e072d,True
0a708cf8-c019-4c46-b942-0dbbf3b4c7b3,True
efa2dcbf-21e4-42b8-af15-cf291718317f,True
bc562a18-d8b6-4e04-a87d-5cf9b4894e52,True
cfbfa745-bdb8-48d5-904a-bb5ddbe2bafb,False
ff83417e-f904-4e2d-ae6f-11fbbbc80c25,True
f5d619d9-a9d1-4f19-a7a2-c583503decda,True
c9f28af6-0938-47fe-94e7-3f52e9a3d0e0,True
36c31f81-fad5-4460-bca0-7363da7a915a,True
ff5be070-f523-4a19-8d96-230cc6cb3c61,True
890140b8-c254-4065-a82f-1ec1a6b0f2a5,True
ecf03cba-a6bd-4fe7-9d5c-e886ec68f7b2,True
9a6072f5-d5f4-4e3e-89f2-5991eb4c8ddb,True
b787a0a3-c57e-47ac-b30d-ec29bd51a7f9,True
23e7ed6c-25e8-443d-8ef0-2cfb5e932d7d,True
3757845f-d743-4203-94c5-e455f8f2df6d,True
48dbe7b4-d9a7-4c8b-9897-3ff0a72371d7,True
0b496f6f-4e24-4e29-b1a6-8ae067f8743c,True
4d74f030-3277-4019-9566-045f6715b643,True
2f084cea-2c83-47ea-9762-010fd96e624b,True
d5995a7c-a88a-4026-8731-2ccf8c95caa1,True
19b001c9-4594-454f-8098-03e33664a817,True
eb5d1a62-c49b-4aaf-9a8a-a47a93474d5e,True
fe46fdbe-0f43-425d-9463-4113182da17f,True
8a7b6c3c-3cf9-4748-b089-83d884061439,True
d14a896a-63b4-4d8f-84d4-c3ca9ca9ab66,True
9e978de6-c408-4439-aaad-3f50f69d5632,True
ec02a9be-14dc-4f43-ac01-0b49cce1c933,True
9b7a8e91-03e1-4c0c-a269-2b6bf2b47cc1,True
9c616c1e-ccaf-417e-a684-d555a08d2307,True
4b6be8f7-9004-4180-a6d0-8630242dbb60,False
238bd8b4-70ba-42e9-b413-a39a721dea23,True
bedef24c-6717-4ef1-ac9e-ea6f4f55f17a,True
6de87e80-0b50-4127-b5b5-7e7ceee2a6a8,True
19b48218-c560-4eb6-abcd-c824fc80b400,True
a2a22a7a-095b-4796-ae26-1be568262e37,True
4ff112da-1c34-43cc-8b8e-7a5cfad7d32f,True
eb49a340-d29a-49ef-8b66-67336c30c7e5,True
77c9da22-30fc-40cd-a804-db7cc78fe02f,True
6fd42933-a2d6-483b-9afe-a9a515e0f56a,True
880a3cad-fc77-44cc-a25e-38d03c8981a6,True
25ae1298-d656-41f6-b28b-7adaa0baf257,False
778b2bc3-1668-4603-81da-d8b7b445ce02,True
bb7e42cb-9ad1-4d3f-990e-f7290ef1e9e9,True
56e4acdf-e8ac-4cfd-aa84-95428a77ff12,True
11596826-3c56-4af8-b628-89adeecd923a,True
efd87a03-e6f8-4364-9782-f48fab1e5e86,True
6efb2c6b-5ea9-4d69-b85a-21170ba30789,True
1a261f13-1648-4835-b844-2b603a941090,True
35594039-b848-457f-bd40-3cbcdf7959a6,False
793e1d14-0763-4ec6-8162-0b47016d5c9e,True
443263fc-4ec2-496b-b172-0734593ae502,True
66114f18-1232-4ea3-8d05-00819cc125bb,True
f3b57a2a-c9bf-4fef-ad61-d9da55b32a8b,False
1e8bd5b8-dfd4-45b8-9a74-7c39ac85295e,True
aafc6558-a6d4-43ea-bdf6-bf05388289eb,True
17f4904e-d911-4c57-a9f5-e2aae9952582,True
8bedc500-a43f-4a98-9270-a8f9e5b29d8d,True
ce4d6333-955d-42ab-b1e4-e0e68ba5360a,True
308624b7-4382-4ba4-9089-4e448eaa3523,False
2258badd-7778-4422-8831-77d79db22a72,True
02f14559-f78f-460f-9de6-8173ba314b38,True
cbee1d32-a041-46e9-9ea2-26ac822f6dc2,True
3cc2b19a-32b6-4d22-81dd-2d8948ca13a4,True
ab897d50-a728-4892-a07b-ff6152cc3a01,True
6082d3ee-5388-49c5-8934-6b2a64915543,True
ac87a5bd-42e6-4f77-aaef-619a371b068f,True
5ff73587-3747-44f6-8406-4439bcd53841,True
a3c58c77-6157-4c94-9322-4455cba0cfd0,False
73afa0d2-866d-4cc8-819b-3d68ba7bc99f,True
7f4d74c6-3986-4832-ba21-52dbcec92b9a,True
2136ce50-37d0-4125-9836-24c22d611983,True
39f5e8aa-4c5a-4c17-9141-05e64fcdee06,True
9c810f50-bbc1-4fb6-ac9e-e3d999fffebe,True
6ff9d88f-bf71-4a60-8b71-6b89c3bb8edc,True
060e26ea-1aee-446b-85f4-7d17fb3c4b8c,True
fb7cfe91-1d54-419d-9914-0ba9e53fac84,True
12ac8b76-01b9-4f60-8bdf-4afdd7c6ce6b,True
bb7fd826-a185-4df4-a070-e6175ac472ae,True
9e695d2e-8251-4cd3-ad51-926ced28c325,False
98c80fd5-d9cf-4e1b-8296-e47d613d68e4,True
67528920-14d7-4530-a76d-fbbd70b3d345,True
be8fe61a-1d6a-4786-ade9-1558f2a5fbb4,True
a72e2853-7cf3-4dca-8cfb-203f236963cc,True
f906c762-773e-45cb-ac31-9f013e7e17ef,True
bc2ca8fe-ad23-4d80-b9f3-8d2e9601eba2,True
b740f8f2-5c02-4c48-8e0b-9c1539e50646,True
90587494-1848-41c6-a3e2-c376606689ad,True
39966fb2-0a69-4e0b-a260-d8a1d9484623,True
f4fee070-2d37-43ae-aa44-8c6eb57b4c76,True
d2945dea-8394-4e2b-ad46-1ac966b8fa03,True
336dfa0f-b4e4-4bfc-9efd-8eeee261b68e,True
0c263512-0d6a-46aa-a685-2bd4b866fab2,True
1890896d-8da1-4d4f-9a5e-0825404e5fe5,True
8e7bb0b8-f6f6-4aba-9895-e2f7bd76cd4f,True
b3c33326-2300-4358-b58a-686c1dc1ed73,True
e9d32426-89cc-4662-a829-65e0f71cf6c4,False
e143da6b-9703-4acf-b164-362c42d2b888,True
02370ce0-9ac1-4a35-89ae-9865587f2afd,True
7118f462-8a55-428a-a92d-0385fa37ce75,True
6b2fd0bd-c92c-4d2a-9f30-5e3d7dc35c5d,True
54d4a12f-f113-4e24-8140-114855bf47b2,True
04957cc9-e8b1-4fa8-bee3-f73bd8e105bd,True
ee42fcae-f859-4028-bded-0dbd1cdf733b,True
a4ee2372-dc8e-4389-a91b-0cbebf3d4738,True
4e7aac4a-6227-47db-9b45-4d5af268d2e6,True
c7bd9fb0-a27c-4365-8897-c3dc4583b461,False
a531bf16-0d30-4801-8cd3-85325c0c0d19,True
aac8bf08-2170-4273-b8a8-bad950d870a4,True
911faa05-3686-4965-8f39-2bed0ace732c,True
749bc47b-59c6-49d0-948e-1d670f210659,False
48e313e5-29e6-4a95-a18c-59bafc8f7f43,True
953e26ef-42dd-4d98-99da-fe9b5e44021f,True
107b39f3-f48e-40ce-a19a-d74fc51ccbf0,True
17b34b72-5ac7-40bc-a727-580fa78711df,True
33922eb9-9c66-4d1d-8ce6-0c2f11096c55,True
779e9d27-fa11-42b6-96bc-49e8fd6fd3ff,True
08b38257-f1a3-4519-ac90-0afcf8f4493a,True
e24be223-a47f-489a-a62d-543b82a4f5b8,True
9803196a-6bda-4259-b31c-9ba7d87a4512,True
20e61e6a-ca8c-428f-89ce-cabace60224c,True
a4244835-dbb2-4388-a3f6-ae1bb3a8f14d,True
f2989d19-c0cb-4ade-8f83-f664d454265d,True
4f03a8df-fa72-4268-b95f-a4c18b61db08,True
51e0691d-f761-4687-923e-243122144af4,False
22417598-c14e-494e-ba96-ac21998fa6b6,False
72bb60f2-431f-45d5-9ec2-a3f04c2158d6,True
a144c4c2-dc6b-4e47-99cc-e33cf35aac40,True
91fa457c-07cf-4b2a-82c1-3aeef94ab6ae,True
e19fe6bf-face-43df-90aa-87f2bc894454,True
24c263eb-5f34-4151-92b6-5b58ae7305e3,True
5da4ffd7-88fd-47d1-8cd8-e57239a5c162,True
37ab60f6-21d8-4788-b53a-6624cc2016eb,True
fc1e7947-6b68-44c9-abb9-ca9e539f258c,True
66e5b63b-8cef-4196-ac61-23f27c831ebd,True
ff54d5c5-6791-4e9b-84e2-4db3e6b5e1ad,True
d2735e39-19ce-409d-951f-d0fcc9457003,True
d5fda36c-f9c3-454b-9a87-033c44391171,True
810fe79f-5672-4493-bd65-39fa0603aa3e,True
ec98d158-687d-47ca-a0c2-61aa8c3d45f3,True
8bc25ee4-15e7-4eea-b1ab-fbf9e676dd70,True
fa88e558-6682-4d5f-8cff-508901b87fd7,False
416a7422-46fb-4d17-998f-b4c5ee2d480e,True
bd54435c-0d84-4383-aa75-9a018379c9b7,True
52c2194b-a853-4aba-825b-7ef476270788,True
4e2d074a-1af5-4023-be26-92543fa2611a,True
14874952-241d-43bb-a49d-c73685fc272f,True
3a97b78f-0dd2-4f2b-945d-3a7a9d5f8fa6,True
ac505fde-313e-49ab-8eee-d12c096bdb29,True
76e3b4b1-c0dc-48e9-a5e8-9536ca854ad3,True
f76259b9-c515-4cee-b4c3-95810cc71bcf,True
ddb52c87-e8c3-48de-984a-c1dac7ffa635,True
eb733d41-ad7d-4790-82a2-659b04dc8c11,True
157e15e1-9799-4e7b-8124-2e9b1abc5440,True
f6d3099c-5976-48c8-9d0b-1e92896f0cf8,True
1d49322e-0d36-4cd9-8475-6dc3ac972c2b,True
8a9b251f-60d0-466b-a300-18236dc16fa1,True
e8ff856e-3f70-49c0-a6e0-09d2498bb0f3,True
f8b9c877-112a-4e14-a52d-1aeaec96479a,True
acc5d8c1-e234-48a5-b186-07811a0afc7b,True
bbe84ea1-b8b2-419a-aa0f-9e2313902e4b,True
9608c3e4-8dc3-447a-852b-a6f3d1d70962,True
318da3b1-b22c-44a4-abb4-5cb7e95cfc98,False
516d9f91-0055-4f5e-83f4-61d8be89ecd9,True
f00d081c-14ba-4fcc-b95c-768eaec09a90,True
3e365b09-95d8-47a0-a391-08916422dd17,True
0e9b859e-d9be-4a99-a6b5-ba8a76181def,True
f2402aeb-ec4c-4034-a776-9b1b8a80be3a,True
f24ce987-f61d-4eaa-aa9f-fdd4744d5610,True
ec044669-9b89-4991-bded-5df3d95b68e5,True
1a5d9750-e72d-4193-830c-0539a991b51b,True
42415574-33a1-4c8d-9b22-084ebbbc4ca3,True
f7ef83c8-70dc-4c1c-bb0f-b76e5c92b6c2,True
ed57e857-6b7c-4f62-9c63-d7c67b35f08f,True
2c4e68b6-389e-4f4c-a68a-5fa93ad09c24,True
f394920c-3643-4e6c-987b-3a71433fe16d,True
91f921bd-ebd3-4049-8665-f2c0b91b1a01,True
c717a80f-7ab9-468f-adce-385678c35045,True
f5134156-a3c3-4347-a65a-7620a0aabaec,False
1a4160da-a47a-4049-9002-524c7a070495,True
bf432462-782e-4acb-be23-fe1845b1c1a5,True
9d929774-672d-4afd-989a-249a2111457e,True
61edff51-b3f6-4859-b41c-e647c8ffb001,True
c50e01c7-9949-4fe0-8b0b-166fb79d9a47,True
8da1889d-8b0c-41c0-ad95-c91c3700555a,True
61a607a5-1760-4343-a42b-200a69246803,False
61f40fec-56ed-400b-af55-399c919c56c1,True
3daf0893-91d7-494c-920c-b3aff01875bd,True
03d73d93-03b4-4286-8097-56ac98c977a9,True
c49d733d-57b5-4849-8f96-c65f8a0232a3,True
1b487365-3f47-4be6-be8e-928b04f8785f,True
68844ef5-7942-4322-8d85-b84de16f376d,True
bb34df40-13bf-45d5-98cb-386630c891d5,True
46ff21c5-2688-414e-96b7-02c19786dcf5,True
f23925a6-c9e7-4e86-a6f9-be7ac7e0ff6b,True
420671a7-0760-476d-a9b6-e68f8f00c8b7,True
1c125653-541a-4b1c-966a-a1bad5228829,True
88c04f29-0a56-4fc5-a7cd-945c7e336892,True
da13d1cf-bf16-4ef8-9674-bbd2d847c9b6,True
ee2479a2-02da-4a9a-88e6-d7692cf847a8,True
e29fad07-def0-4d71-bec7-38ed612a795e,False
9a2c1ef8-00d7-4097-8028-e9521050c5cb,True
2f7e362e-a670-4b07-aa30-0f5d863ef666,True
d08e6139-95a1-4e10-9ff5-e62c40caa552,False
b81b06a1-c102-4f7d-9ee7-8dc17cbd3cf0,True
fa4dd462-e7c0-4b3c-ae20-a57a3f8fb8e4,True
cf068c57-e643-4c01-ac77-99eb25a40f43,True
21598fce-e6f8-42df-9e70-c4282e79a933,True
a487b475-7b18-47e7-afc1-571936f137ab,True
c7b6801e-4993-4072-829b-0cb55b612792,True
253d36d8-6700-4049-9db7-de6681216dc9,True
611d0d8f-d169-4d72-8787-7e17992e9219,True
3077aff4-9dbb-4f6b-8fd6-eab1393bf259,True
14aa1d0a-1e00-4164-a185-8746d1384b33,True
4a371a71-d735-426a-a2f6-149fa813cac3,True
738d7553-3602-490b-8e89-aac4b11c388c,True
a530a144-ebcd-41b7-bed8-35fc72af5776,True
1c11d58d-21f6-493f-aec1-87e45d78e8eb,True
7dac5106-64cc-4a74-b6a0-ee4376733ae1,True
fc5fac6e-ed71-4b5f-a783-6242c9740de0,True
17f1e048-5712-4b4b-84a6-4d69481a1a54,True
c9949168-b9f2-43c5-a451-880eb150fbcb,True
b1044613-a874-4285-91cb-0895cc9f0b76,True
92fbee54-8ef0-4a4e-a29a-a31ad76d58b2,False
a1107e41-2ed9-4261-93ac-da2ac02fbd4d,True
915d9d82-1d73-4114-9129-d2333a8942d7,True
bd29c63d-518b-430d-a425-afdf2770e7d1,True
0504d7ad-3a56-4a47-9062-e2938c5f7e87,True
d810b168-9bb6-492d-ba0e-2d3b16ff4417,False
5796e9b4-ecb3-4ba7-8093-09df7ec8643f,False
29e16b16-0e4c-43df-bd65-350eb9d363f6,True
c544af58-4964-4963-bac2-aad44d75a755,True
2c9225e8-6505-4289-8587-408281bf80f6,True
614c470c-6140-4554-aab3-843890b78ab3,True
b4ee27e0-10da-4771-b9f4-8df5eb37a336,True
5c0cc887-2566-4565-9c1c-edc2f6bcdfbc,True
55b9b73c-9f51-42c4-b4fd-61e4b03e9f58,True
38e17987-8745-40fb-b286-947712021d51,True
c86ab28e-e77a-4879-ac46-7890d2369663,True
e859c0fc-bcf3-45a4-aa26-ca1549e1aa10,True
df04a880-2f66-4680-8cf1-45f66baa0de5,True
0855af2d-7b92-4cad-bc8a-abd70b8125be,True
359a6e90-d1d7-438b-9757-bd0f698695d6,False
07344f7b-6bee-428d-94a8-c43b4ad5bdb4,True
1d6ef772-b937-476d-a84e-13de00781b4b,False
c14bb443-fbc7-4593-9768-bcd968f4a530,False
3adf4cc6-2f91-4a7c-91c0-fa51a30ef906,True
6c886e7a-e10b-44b9-9cb3-58c707c02450,True
36ff121a-791d-40a4-867a-c02f8b3be032,True
b86acac5-1408-43bd-90f0-54f563b69b2e,True
9cbc57b0-b947-4626-bb0d-b2f3cd9fbcc7,True
6ecdcd58-357a-4cb9-af0e-22d4b656c01f,True
37504f6f-aed2-4da0-8cf6-fabc87839ada,True
91b50f94-f6f0-4b29-9fc1-c2aa65233d8f,True
14d9340c-3fc5-4a13-a965-e8cdced46c23,True
5b6af34b-9808-4aec-a0f7-2da4c8cc3c62,True
1df5c001-f619-4c6d-93f4-ad07473269e4,False
4199ffad-c6a6-4bc8-94a0-e2a00cc514c0,True
5de80431-5b1d-4254-a575-11e9d02ffe7b,True
76289d22-9f86-4241-bb87-c76f55e1c254,True
ae080d22-5b69-4e3e-b91f-c82f3951aa49,True
c5532aba-4ad5-4dac-a117-fa4ca058562a,False
f251df22-7855-4a4a-a42d-4b39ae34425b,True
df17d8d2-575b-4e37-a7ed-44eaa068ace4,True
6df30b07-8e13-40cb-9932-bbad0b16b6cd,True
b8857677-9ab5-44ce-8d41-8805ebb232b6,True
e481fcaa-0359-47d2-ab46-aaec5c50aca0,True
9446543f-8047-4e49-ba25-9c4430f4b55a,True
62d08c67-ca6c-4449-9795-4fb79dde421f,True
938cf5bd-fe9d-4eb6-9db7-0a3c73a33832,True
bca1e10c-755c-403d-952c-391da594cdfb,True
4329425c-5d43-4378-bf06-811aa9d940c1,True
5048e456-4a0f-4902-b2b5-795d132490bb,True
44d958f1-4ae0-4ca2-8c49-da711a65b961,True
92d8c6d4-8347-48df-83e4-89e5aaa39257,True
9213cfc4-8536-4498-bae2-fe88ca15daff,True
317ec6bc-18ed-4a84-9e49-f1e5e6a678c2,True
bbb4eb7e-39e6-4e9d-9908-89e0bf8d5e7f,True
0117907c-78e6-4177-b556-df13f468eaf4,False
935aca27-bbcc-49fe-9fb2-a14d13ac93b6,True
f797d1aa-842f-4dba-bb36-9a8056a7d8ca,True
6ef8ca3a-cf14-4fc9-9dea-e70ecbfbf115,True
752af359-9fc4-4a88-b0aa-73209650349b,True
7e4d3473-9a1a-4a88-8ba3-13964ccc32be,True
760eee5e-d093-43e9-8d6b-8aa1f1d2cbf4,True
d09cdad5-3e64-4fef-9359-7b39b0069a4c,True
f0bc976a-ab47-407d-9c30-f3494ee30206,True
ab08a79e-ade9-4de3-acb9-7532f0f07a49,True
70f2f5b7-8980-44ec-9ce4-458049f934dc,True
93d83b13-7494-422b-9c10-1ebb526dd77e,True
b1ab8241-0ab9-4a09-9b94-4e61e946d84e,True
28dab252-055a-4c24-9131-0db825025d11,True
eae8790d-bdf0-46df-af60-7baeec3d6e67,True
afe34fb8-d671-4233-9f02-6c0613c4f951,True
35102b75-d975-4b7e-9102-e9e55c659436,False
20c0d5ee-848c-44f2-b0a9-6826cbc25a77,False
49e48783-c639-4adf-8382-024efa00d564,True
b30ecd3a-3def-41b0-b59f-dc5f3c39734a,True
c1535396-2f14-411f-bbb0-0b4825b27c59,True
e203f8d8-7a71-4383-bad0-5743b9ac5b4f,False
cbd26a04-2cb8-44cd-aaaf-2460bb47ce1e,True
2ef6eeca-6d91-4284-90ed-44c5d94b043c,True
1d23bd28-87e1-48ac-830c-c69afddd2d85,False
9296a90b-4fba-4e6b-8c9e-531e3d3dca9a,True
cabe7084-cefb-4f1c-85e9-6f958c028f4c,True
08af33f5-5708-4918-b2e5-96af8bd05561,True
a03e9aa7-75b6-403d-9801-b47591afb141,True
3e4a60b7-a793-49d5-b41f-310513e58379,True
cf054e64-8431-4bea-98de-cc88c06dbb29,True
2fc3409d-2be0-4bd3-8101-d0099e8f7074,True
3dc5ae80-549b-4596-98db-ce255febe00c,True
63d8df5d-b09b-4a5d-be20-8189b91d4c9d,True
cc482e4f-8113-43ff-9545-441b87ae35f3,True
f7b57ee4-8720-4ef0-9b21-1adf908ef07a,True
2777230b-aaf4-4743-94ad-d3a816617646,True
66c021d5-2233-4ced-9a44-8d986bab5f43,True
8bc1f9d3-5d83-44a1-b382-d652eeef2582,True
2a33def1-131c-44d1-9435-664fbe28c7b3,True
9c1b4972-25f0-4b55-8ed8-fdb6f0549b96,True
18c2524f-71dc-40a6-b547-418c44702326,True
18d7bba3-185d-440a-9d16-5448a23aee5f,True
5f2a3e45-6eec-44b3-ad60-b7d785b9c5a8,True
ff79af1f-c0d7-4c14-b3e3-02efdf0433a6,True
91577db8-8030-42e8-9238-6d8e090b4fc1,False
e1b6e9bc-8bae-4280-82fa-458d4c00096f,True
7c8b124d-8971-4c9f-915c-470d40d38b14,False
3ca2920a-4b6f-4fa3-b465-f03ffea4420f,True
e32844ce-2636-4b14-8156-d0f609c55f48,False
b9350c79-8bfe-4794-9c85-a7697e7266fe,True
7241e237-3cd6-450a-b27d-8125a0f948cc,True
8930f8be-45c7-4589-93e1-c8f6b5dd2489,False
d4ffb584-a19c-4e33-b03f-43e76de228af,True
d66d0047-3e76-485f-b936-07f67b0c0bc0,True
424720b6-e7a8-41e8-b27f-77e82f5f6ed8,True
a577d371-33d2-43f9-8098-0a18209ee0de,True
55c2259c-a646-42d3-9068-562764e9332b,False
82ad541d-01bd-4238-a83c-4e0bb61bbeea,True
999a4f59-161d-43e2-b5a4-4bd5f7307241,True
0b4fe483-e5d0-4180-89d7-8b44bf71fe38,True
39f23b43-2ade-4490-b926-4f2fa47cc233,True
97914a86-6e32-4b33-83da-f67bc73674f3,True
8ae2ed98-7cf1-4260-b0aa-20293daf4bf6,True
fdb70038-7527-471b-b693-9430fe83af95,False
3982508a-56a8-4b52-9373-b17c7a96fe5a,True
0e38c18c-4063-4393-8848-e7c7c0abf03b,True
af408091-6816-421f-9430-3ddb1bb35986,True
172344d6-0134-44bc-a7da-751743da3a98,True
1e7620dc-fa20-492f-909e-0967e85ea866,True
5ff989e0-f9ff-4560-b32a-69a5848063cf,True
86159e69-0408-46ab-9fa8-77dc6debd4b5,True
92763696-8a8d-4460-8225-b342d2e3cf31,True
1f3502d5-97c5-4027-a448-28264348b751,True
03a22582-0bda-4de6-95ba-c45ee7d1e982,True
8401e4fd-db56-4548-92d2-3ebeec3a997e,True
1b33d6be-55ed-469e-a58b-c01ef67a6364,True
f5011f87-2fd3-4286-bf6b-aac9b8e387b3,True
0023e51a-bce1-41d6-a459-35d2e161738a,True
c173af39-07f1-4b4b-9545-4ef8d31d1d2b,True
5a41693f-1c2e-4ce8-a91b-30c4b05ae37d,True
65c8753b-da4d-44e8-8577-6b9eddad521c,True
438fe8af-202b-49ae-b173-8a645e9fb186,False
aad0091f-89cb-49f9-b23f-0febe18ac314,True
272bcc17-65dc-4d31-a56d-a3181fc29657,True
30344814-52d0-44c7-941e-a1ac7ccdd769,True
f150d9cc-f17f-4b66-ad42-26d1d7236705,True
963284f4-eacd-4e58-b924-c95594ec6119,True
868ec254-e36a-4634-ba82-be8cee40cd37,True
d29f93a0-66dd-4baf-a296-56b232a70ca6,True
946ce27d-c846-420c-8aa1-f13ec1157564,True
0cdc17c9-f3e8-4ad2-bcd4-c39351f2a8fa,True
98a5ff18-2be2-46f4-ad68-3730fbd1429a,True
a1fe4f97-cc44-474f-a446-7673f5ebed4b,True
2d2af4d8-638e-40a4-b02e-873a5d85fdbd,True
1d4e00ff-0d73-45cd-8d44-52ff5a18c484,True
cf4a231c-38a0-4098-94dc-79fded4fc48e,True
f95883b4-096c-4eb5-93bf-c1a79ad7d12f,True
2dbb54a2-b4e4-47f9-9e14-9ec500b0ec7d,True
6282c439-f923-421e-ac79-79524cd7d2f6,True
2b1a65e4-b5c4-49c1-a297-d91d21556501,True
bdd7046b-5b00-46d2-af9b-598a2a63da80,True
5973ded9-33c8-4a07-ada6-b37a40306752,True
796ed94e-8cac-4e45-bdcc-2bbdfa689d2f,True
ab356bd8-55fb-45d0-b1f0-c98530cefdcf,True
bf7bc3d8-3d45-46de-aec2-cabe7b573800,True
3f8094d2-8b95-4497-ab82-18c68bab115b,True
ddd77b07-4d26-47b2-a041-36db42630ba5,True
c9f6936d-3934-4651-84c8-975e3fed6c7a,True
119aee37-8bc5-4d7e-a23a-eb702540d8f6,True
b143e5e2-d172-4dc8-9ac6-516683f71958,True
e78a9a1e-41d0-4b7f-b4e1-d073f7bfc86f,True
6bec766d-e886-4226-9a6d-48df94b84ab1,True
61a75f8d-bb6a-4f1d-be65-ad5537d27b97,False
e99ae38d-23cd-41c7-933f-b9ad3dd3b9b6,True
8dceca84-bc42-4826-a1e3-738c9cbef43a,True
bd5fa212-c85c-4bf2-adad-b1a4f8c0e489,True
0273ac50-6126-4226-8343-e9e55be58c19,True
a2f2e6ed-ba1c-48b0-a0b9-5af995bdbc9c,True
a9934f75-d332-4dd7-8eec-53ac42a43bad,True
4150ee38-9caa-4cf2-a492-b56e83c39a20,True
f9697ec5-9ec9-4dd7-9067-2fcdc4160878,True
afd2314f-d076-4a00-89a0-28d1c886c361,True
d7e59914-d468-43ec-9fdf-c525f801e660,True
4ae2bd30-166e-423e-af65-028526c0fe7b,True
d709625d-99da-4327-92d9-9db35e45b093,True
477e73e7-cf16-43fd-a98e-fb0fcae82a1a,True
7f412348-5dce-436e-aa06-da06919e9c66,True
198eb62f-173b-4f95-8348-ea515006f270,True
4c3512cc-31c3-4c59-82b9-a8d6ad296b41,True
5f3a4179-775f-4f04-8a3c-a105bd2e8c0a,True
df841db9-da5a-4bd2-a7ad-b98d50173b53,False
9c11e7b0-41fa-4a36-b34a-2e3e25b982f8,True
fc74d5bf-a4b6-495b-805d-b67806446da7,True
af410d3e-a2e3-4579-8a95-6a48b2672597,True
1cc73b4c-4eb4-4f54-b077-08b6c95029dd,True
19f244ae-1e3b-49f5-9f8f-e03272e8c089,True
c374174d-18a6-4db7-9f9e-e4f42406df50,True
76c4197d-38bd-405b-9d86-ab209aea7690,True
54b603e2-4b85-4936-83ac-d49a56041004,True
ca5447a3-cb33-47c3-a39b-284b84496535,True
05a4ac84-0244-4e2b-bfb7-6271d02067b1,True
45dc051b-ec3c-457f-80e8-0176b87f949a,True
a6648126-0fa5-482d-bef6-d5c3ce414979,True
b6a0753d-4926-4f69-808b-1b0a87b2cdcc,True
883e3ad6-a0ed-4a22-a0a1-468c389396cf,True
5c78e0ba-8e9a-4520-b876-8b69b3f5dd22,True
349c8d22-48dd-4fdc-bc9e-af4a9b56e2f8,True
8769ae4f-ef34-4085-9095-0328ba6d41c0,True
bd3bcd65-7f12-4c7f-85b8-21cdfc6ac0af,True
c2014643-827d-4b7e-b950-1592f48f0358,True
22283554-3269-4e2b-8221-9f2c31e22291,True
c86a3795-82c1-4826-8a71-86fd579409ba,True
0e771076-e6d3-413a-9ea9-2b034e0e0e94,True
42d23b81-7ca4-4ef0-ab46-3063f38c0939,True
039d4340-22dc-4a81-916f-52041c2d3701,True
8af129b6-304c-43b5-9a3e-89f921aabdee,True
1e14eb0d-4296-45af-b523-da53f9242b2a,False
9a6ad59c-879a-44fa-a6b9-a051a5a80430,False
57c4d6a8-0e40-4c80-b24d-69bd6f713a34,True
11091efb-c737-4781-bb09-05bb18619a52,True
b42e198a-6e3e-4e2c-889a-74cdd1cef00e,True
1f06e78c-fa43-468c-b89b-07838466c2b5,True
15e20622-92b1-410a-a21f-5b321d65eac8,True
6e278c3f-f26d-4602-9bc6-895e7ffb6d34,True
f4764dad-19ee-40e6-b3bc-08069fe94df4,False
c7fdaded-a7dd-4981-849d-99e4163f47bf,True
2dfe5d08-72aa-4b39-9517-880d0d4b8e67,True
7a409504-73c1-46ec-8512-37ea0d5173ac,True
f8e1614a-6c95-4b8b-a0ed-f554842f2c34,True
e65baa9c-d55e-422f-a5db-847d1630cf61,False
dcacfa56-865a-4ede-8b4f-ee0de8d411d4,True
597339eb-e0ce-4efc-b57f-ab8a7f2f6777,True
193a6673-268c-4e67-98c5-c12dc16f9634,True
65e06c86-d397-4a5f-a1ce-4da39a7d00f5,True
00ad59e9-d69f-4760-ac6a-cd6aa66643fc,True
5b56ba58-2bb5-40ac-b382-92c66a82aa08,True
af6f88ec-c534-493f-80fa-0e84f49d633f,True
ad0545c5-8746-4f0c-a4e9-2724d44d06c3,True
04a64042-9dc2-4fb4-a5fe-9690eb7f322d,True
550b9961-17a0-48a2-98ec-1acde45415ae,True
4c664740-f98e-4a67-b8f0-f9075ca72300,False
9cd994da-3abe-495c-893b-dab45cfe761a,True
c6532116-fbd6-44cb-88fd-70fc1c00e724,True
8df49bf7-6ed4-4b2f-b367-b2a98af87c7f,True
2eeea6f5-6a25-42a4-8eac-cb5c2a87eae2,True
278447e5-3ac9-4ac2-bbbd-15d1c365365e,True
4581d704-8636-4208-b89a-501d91751f44,True
5a1de39e-ba35-4308-948e-84814ec70a0c,True
a0cfb911-3725-441e-a836-d91568ce8d02,True
743fdb7d-8d3c-4f18-ae79-4cd242000c2e,True
8be7ca20-8c52-4e5c-b40d-097d6308cdf4,True
b585afc4-452d-45cb-bbd8-c6147665dd6f,True
21b75f06-7790-49a5-a0f7-8dbd42b04724,True
48021e80-d565-41d6-846a-8333ae399335,True
c50fcb1d-920d-4928-b5bd-267cd66aca21,True
32a4eb97-a1f4-4de8-a909-42895d599888,True
52dd3f53-5c3f-400a-98fd-45a3a0cdaf94,True
599b6a39-58eb-4f4e-8af2-917c0586d964,True
97398f93-f6ae-4b33-a272-a285c0717580,True
e4368f1c-d7ca-44b6-84bf-f3c4b3688f05,True
10db8386-dc66-4ad3-9844-e8d609fb9b57,True
267ca183-3384-4718-985c-5b596b80172e,True
0f233501-1317-48cd-94be-c6c01eaac03c,True
fe9a7855-707e-43bd-8b92-8a298dbe031f,True
d263373b-0f3a-4b0e-9e07-89683ac87573,False
c2e194d8-70b4-4057-98dc-249f11e3fd09,True
ec7275bd-e455-4fa2-b26f-636c14cf5fa0,True
7ece9b0e-5add-4b7b-8785-9485a49b3aec,True
0fbaa5d3-95fa-457e-bd7f-2710a27e3879,True
dda100a9-f4dc-494a-a53e-79709c42466a,True
ed4cc9f5-2c69-428c-bb63-2a8e6bc67999,True
49f4974b-8dd8-4796-8ac3-56351395fc3c,False
e98b6541-81b2-4c55-8cab-c8b915915d12,True
19e3f609-b8f9-4351-a649-0820884e5205,False
665717f4-9766-4845-a30d-b4f0d53844a0,True
ba5908b0-c4a9-4768-b73d-59693880e4eb,True
bbaf6530-682d-48f9-afa7-0a82e439c0dc,True
54911515-348a-4108-9540-b359f70797aa,False
37f0b2d6-0000-4888-8c59-cbce05f5a180,True
09962296-4442-420e-b916-ebb35151aa55,True
2321add9-d4b9-4730-a30c-3335e1a962ee,True
5aedb64a-e962-436e-a167-bc3adf283629,True
c53fbcd0-0a7d-408a-8815-35c8c5a86ddf,True
d86256b9-a3e7-4fef-a722-d5e8df91e8cc,True
15c10cec-b4f9-4d34-9a3c-433926bdc560,False
b3b544d9-68f8-4b3d-bf7e-aee526108939,False
8f6be364-9584-4a7b-83bc-724e7aa354de,True
8b92d510-0099-4849-bea4-a6f606f0cbe6,True
722931ff-f27a-48cd-bbef-40032f6a24d7,True
474eeb27-9776-471c-b3b9-a8e5ec9367ce,True
58ed113b-6cd0-40a2-ae52-ba74f000ab5a,True
b50fc89b-b3a2-4b50-8f09-53829515fed3,True
5aa6273b-def4-42ba-80a5-2f54e374a719,True
9a3afae0-219e-4a13-ad04-94781cee7e13,True
ed88d433-05d3-450c-8db2-356c3bbd55d0,False
0e570298-8042-4a05-ba84-dc66fc76e073,True
413cb0f0-0ca2-457a-9b45-a1eb1c10fdbd,True
d1ae49c8-604a-453f-b408-3615055d8705,True
d53c3d4d-156e-47a4-9655-7f0db882116b,True
7fc6bc28-c77c-42c9-babe-15ddad08304d,True
a3e71cfa-c01b-4bbc-8018-0f1e134f3da9,True
aa4ec72f-0a38-4692-a0b5-30abc1887590,True
7b6ff9c3-06f1-48a5-b150-d46726c3dce4,True
900b19b6-d306-48d9-bb54-00a54ba31c22,True
180158d1-cdf5-47b7-841c-887bcedc9f66,True
1f35b842-2677-41a3-98f7-9f60634a9852,True
efbe2b5e-eec4-4b0a-8717-04cb52a7507a,True
6539294d-da9b-466e-8a13-575592a5510b,True
a9d33039-ec21-40c9-948e-5ffdf92e3e75,True
a06462ee-8ece-45d0-a69d-beaba7a28f86,True
a5de5a24-f5b9-47de-9aa0-81f160584e8d,True
edce1446-7122-439a-834f-df5968fafbdc,True
82b7ed81-4259-4682-8d48-6d98827f8747,True
03e613c2-58a2-4185-8000-285cbd03ca50,True
b0991408-63c1-4021-8a71-71fe830fe646,True
bced6f94-5093-4da6-bb0a-905ea03e8a1f,True
ac1a415b-7bd6-41e7-a6ec-f7a3766b96ed,True
34a102b8-cd09-4f32-8ce4-f0fa9118dde6,True
8acde615-d864-4857-9e1b-e5d07eb95b73,True
10a0b98a-bcd6-4fb7-bf9f-efb0691158bb,True
fb96ebeb-fa4d-452e-91fb-8916f8e0ad52,True
15f3ee31-d2d3-46b0-ae49-aab91900c14d,True
a504d699-c53f-41f2-a493-ad1804c36742,True
a1030ce4-e3f8-4f6a-a49a-1b87b4eab9cb,True
2ec3ead0-53b8-4532-98d6-a1542b774d28,True
dbb2d77b-d9b5-4e12-9c14-97d7b2b6325b,True
3ca9d1d4-8d76-4374-947e-4aaa58e2444e,True
e60e63fe-b88c-4537-b194-44fab732d713,False
3d253545-6c7f-4fa5-b4e9-c0c2a8729d8f,True
1bd9d849-8613-4fc4-b9e4-1ba1c70c02b4,True
e83fe00e-d04c-48b0-bcbb-2915dd77b133,True
e7a1a369-7fd3-420e-8e59-5a9ed2f3914b,True
96512f62-7a22-413a-953a-24b29cd6cbee,True
169f0214-f071-47ed-9036-9f634e29e337,True
4b29a31a-2113-4f1e-b20e-23758a7da4d1,True
f95f1cfa-1f66-4067-9cee-e77457668179,True
7ec21319-6850-429b-a7b8-f60973f38a12,True
5ff51970-eb67-4fa2-81ec-183700ee1ae4,True
d4119642-6a5e-4e5f-92b2-6ec8ff64ca74,True
86e57b4e-3f7b-4c81-bf30-e8f26d7c21ed,True
3b565919-4005-4b64-8174-eafeeaa7b34e,True
772099b2-f4fa-46dc-8f74-115899a6f81c,True
4483f0c2-5a06-4627-8e35-4fd29ba7f3b9,True
09f67b74-a8ba-4b8b-9453-2e1890f4fca7,True
d9581f15-b393-4996-ad74-ea6df03a670c,False
60aaac2d-cb22-47a5-a827-8ea1fb102569,True
76534c0b-1381-4244-a6a7-aeba5488d612,True
49ea97a8-d04a-47b0-b96c-ec1ea49dc3c5,False
c72b9af1-9cf0-4e7d-962d-a00a69a8a5d2,True
f0b390c6-d431-4486-aefb-03193e4b6723,True
3083d7a9-2ede-4072-a001-4139f9edf96a,True
27ab812a-b944-4e1b-b894-f287309fe52b,True
f50b2b71-0d48-4944-ac78-1f8460fede03,True
e2d030dd-7b22-4523-94d7-19abb1dc9ca5,True
82a4dea5-11e6-4277-b2c1-8467bf1703ee,True
603e469b-6f3a-40bc-bafe-0e68b6b489e2,True
3b8d5ad3-4616-48f8-801a-cd6805f01e55,True
c1b6e44e-1883-46ba-9d67-d232870cd153,True
72a68520-42a0-467b-9a16-15a483f183bc,True
ee8a83d1-3f01-4e83-94f1-510772462413,True
efe3f0ef-5454-4ef3-8bec-8f7412560017,True
e13bb649-41f9-4929-8f59-518ba8c13c6b,False
2e1fb346-a941-4947-a916-b6e4670254e1,True
2bc059bd-0556-4e98-937f-e44bd134f764,False
9a4cad48-2f79-4e17-a95c-1df89e5948f3,True
57dca9fb-1279-4382-88e1-af0a95dae3c2,False
69481ee7-d1ad-4871-bfe8-0d83c3102ba3,True
0a089609-ff41-4e3c-aeba-70ea4adde7ce,True
3e002ccc-2b03-4f82-9457-bdd2864994ba,True
5c365387-cca2-4736-9b7e-52ec6a14a70d,True
a1b3fdfb-5bb9-4e77-8ac0-701637cda3c1,False
44df5943-52fc-45c7-83e6-fce04d83ebf6,True
c3b72fea-8d15-4aa7-9cf3-72722cc3095b,True
080b268a-4879-4559-9d1b-8496f024e756,True
e91cc7db-9776-4ecf-94cf-6c504d842578,True
bad6baad-fb76-4fd4-a930-f3e6155653ea,True
4f34cd7c-e4ab-4e4d-ac9a-71e738925763,True
6f09fbf8-73ea-4e74-9364-be55325e42db,True
d9cc0be0-8042-4e84-a807-7c8d9a8f8bdb,False
50438388-3ab7-4ccc-991f-88efdcd6213d,True
5bb036eb-3f3a-46d8-97fb-7e64372e7b73,True
aeff9649-7f76-41c4-8840-ec2b6c4afc78,True
07afb2c2-872b-4066-8e42-d7d2acc4ad8d,True
e2225e82-0c1a-4637-98bb-61caf051d94f,True
6f1480d6-e939-4957-ba71-d3228b74835f,True
9247ae54-e770-4403-9b56-ca93dcac95d4,True
78bd24a0-0d61-4dab-a0d6-fac81731014d,True
3b6f77eb-2e56-4292-a4fc-50b5c01030fa,True
9dc4b78c-e603-453e-9a31-6e2231ee4dba,True
81679b9b-1ee0-4e5d-83a7-77d4426d867c,True
56bb343f-eaa8-4eb7-b784-1bafe4bec6d4,True
a2ac0d5d-efba-417b-ae89-0aba4061dd33,True
133aba1a-35b4-490b-abcc-1e3a9fba1bbd,True
9a0a1abe-a8bf-4b16-85d7-0ce07aa7d00b,True
7f50b9bd-219f-42d2-b1df-a43b69245002,True
d6c2a4fe-af37-4e77-b49c-c10017c17ddb,True
29b40664-b88c-4b5c-964d-eee58c478ec1,False
538b5243-f215-4405-af0d-2cb4d1cabd17,True
1f593f56-5e18-4d04-bee8-dbb702984fc9,True
c726ab7a-3ec7-4ae1-b919-087c37967db1,True
ce9bff15-4c9d-4b64-a74c-bd2c56564d69,True
cbc17312-ed60-4e34-8ddf-3db9c238a709,True
5545e3c4-c6da-4792-bbf6-6f26556334e8,True
9017de1e-64ac-4a0c-ab40-548a76d1207b,True
7b65aab1-98d0-4156-907b-66c93d907edd,True
2de5854c-db73-4213-b64c-5843026f4586,True
135ef33a-3409-4af6-b64a-5a2b186a30ef,True
b371979b-9b95-4641-8f3d-b728519391f5,True
979f1ad8-ed9a-483d-b1d7-12181a1720b2,True
fd2b4a58-1f9d-4a47-a0b4-3ab3cc323b0f,True
711750ca-c0d6-4fde-b924-074b07d98fac,True
544c3002-910a-400e-853a-03cfbb8cba56,True
a5ca6684-5c81-46a2-bbb7-6cfbc0823464,True
ded0ffd1-8389-4b34-8338-47d34d514a19,True
b6105aac-4611-4c03-9274-483a01e32261,True
5a8b469a-be8b-4335-925e-2472280a01df,True
8f0bcc94-60b1-49af-8bd8-87a177576397,True
4541ec97-6899-41cf-b52d-f56938b7f7d1,True
d222f964-8708-4b57-aa03-5bca868dabdd,True
05c04769-2029-4701-af34-95bd5af9d1de,True
bd48e02f-aa42-4f1f-b504-3eb4bfb952a2,True
2510571c-1715-4f7d-b7f6-453ba125e43f,True
c8f56966-7194-410b-b62b-262fe8d46cd8,False
05afe254-1c2a-4454-ae11-4355d25c6330,True
83a7d633-0027-4f87-86e8-a068650f3030,True
b44e1ef8-77df-400a-99c8-5110bdf69aa2,True
9de2f83c-caa4-4fa9-a02e-ff071dab18d7,True
6c8da015-80b3-4f0f-87e9-08a454365de7,True
971af4ca-bf91-42bc-9f21-0d0e098b6137,True
600abb0d-b705-4473-bd0a-1fb6d9207803,True
f6963ad1-bb80-42ec-a842-abb14838a8a2,True
2f89817d-754a-4280-b443-4fe6e8c1ea7b,True
17b4b215-8631-408e-be09-6c14d3845039,True
27babad7-4b93-4e62-990d-71f2ac37bc9e,True
c38eed28-7d31-4ac2-83df-d21006ac08c6,True
532b7d5b-27e2-4402-a0dc-9e936301833f,True
92725f63-af3b-4db3-b52d-6787bbd85810,True
2c765525-9915-4fa7-ac88-45855c4b6989,False
1470c363-e16e-43dd-8105-9208aaeb27fe,True
06799a3d-9072-493f-8343-1c88d0495814,False
cb9fbb2a-d278-457e-9aea-3d993216c060,True
8fdfd3cb-aafc-494f-9e25-4f8cf7121b7b,True
2a905a3c-2edd-42e6-abbf-009bbf189273,True
067482b6-ae98-4c4a-a68b-dd38207ee223,True
f5179ef3-c041-4297-94d5-bd0fec33a576,False
212776d4-00bb-4048-9765-ce72ede453e7,True
fd5b620d-0774-4c86-87ad-b73a583d1490,True
fca0bcb0-1030-42e2-bbd1-98d213b3ac8a,True
82842ee8-ee74-40da-8ee9-26c55f7156e1,True
afd6b94c-fdff-4893-b84c-6e4ce6e6bf6f,True
9548e9a7-6a05-41c9-b10e-c9604cf761b0,True
9a61e013-8354-42c5-8672-4b698f798a9e,True
2c823c3b-4b46-455d-b3bd-27f191dc0584,True
785a2d12-7427-4420-91cb-868449bc1266,True
a567f503-b454-4170-8d70-8df1ca89966c,True
82656a52-e29d-455b-87b7-9f7848a91fa3,True
7b24b86f-6320-4792-aaea-7b73da31d44b,True
d1ad1e01-9797-4374-b4c7-d99a492dda20,True
b5a7c4ca-e766-409f-b2ba-f601ba5be34b,True
91cbc8ac-1b06-4c6f-ba14-245adde4c160,False
5bd217dd-5d25-41b0-8805-6bd0f2b2fd0e,True
3f2a0cfc-841b-48f2-a6d5-69d05d5c3af0,True
c3076c12-0d32-482c-a987-9d36ae70dc17,True
7ba23241-d458-407f-b94c-4c180e81f44f,True
29e56c7a-5f03-4523-b870-385f0755db1c,True
93b05305-a172-407b-a62d-c2404d265724,True
13049820-8bb1-42a7-bfe4-32992a5b39e9,True
adcecabc-f97c-4386-aeda-cf8ab4baf997,True
ceb8dce6-8374-4380-961b-6f54879507c5,True
9d4348b0-bf37-4f32-aad7-35d76bebd3e7,True
56e4d902-9119-473a-bbe6-47cd0b7c68ce,True
d7bf03f1-3b18-421d-9948-9f989c34e642,False
405cab66-0ebc-4e87-86f9-d012b3116de5,True
83d4e4c7-1b1b-4290-913d-e26a318fdb75,True
cf47cfae-f0fd-43eb-b015-ad9d41341e0a,True
981df246-495c-4357-a411-62ec816aecc6,True
29065eb7-28d4-4e07-8477-b8a4342bc435,True
e1927f16-25d6-4764-9558-c36fd5aa5fa4,True
327b2fe2-500d-4778-a630-233f35d14d0c,True
0fc3aeaf-2894-4663-b91f-8cd07f2fe965,True
a57734c4-2b7a-4bf8-ac8e-6f4d575dcb1d,True
3e3ca909-4481-47d0-9bc5-d1de125b45bb,True
be743349-9ae8-420f-a9c0-6d4430d2ce6c,True
8d9c6c2e-e971-4a32-98eb-029fe48e785d,True
2273c902-9430-4f76-920e-78eff5e66622,True
8d6b3ac8-2e6a-49b9-ad33-02b155e70c2a,True
67c8bfe2-4454-4462-b9fb-320849ca6490,True
05c66840-d906-4ac1-b940-469d0b1c1de9,True
9fe8e413-5b7b-44ce-80e8-0efcf8d63e14,True
872cd82d-efde-406e-8bf4-56edbdecc9fd,True
1683fd7a-36c8-4aae-a6c3-619b15a128e4,True
4ed54bd6-5aea-4668-b44d-c369ec183d7b,True
1a7b4a5c-793b-492e-a796-6306581721ac,True
b0c1f890-cde1-4a1c-b8a4-b10b3538f3b8,True
dc56d3c3-caa6-4cf1-bf40-ce25d1eca75b,True
c6707925-b0b3-494d-9dc4-d144c6bc6d4a,True
35dc3892-ccbf-49b9-b47b-003be4dbd0d3,True
1196370b-df9e-4dbd-b317-3dfc82533bc0,True
99c421fa-1ac9-4b26-8b83-7fe2e695782c,True
0bfcd858-89a8-4b7d-9921-2b41670d3220,True
1f472600-18d6-4ab5-ae43-1f5dd32d9976,True
ac6bfccb-240b-4b7f-80fd-083967b88cea,True
c3d18440-9063-47c8-b9f6-f855e045aa5a,True
d4ccbac5-55ca-4eb9-b341-e8c9605b1e91,True
1307f667-563f-413b-aa16-93be2b240dec,True
bdd57f78-4547-42e3-807e-31551a344768,True
7f776769-3898-4a64-92e2-552a935e125d,True
3fcf94ab-0e6a-4557-991f-0cab4c96c33c,True
ea5131d1-731f-49b6-98fa-a700b9e6f183,True
b0bd4667-8276-4a04-bb51-d206518f380f,True
67150ffa-5301-459b-ac5f-d181ff37e6c7,True
27064318-aad8-420b-84ec-265ad9186eea,True
1fbb0690-0157-4045-8d43-87f52affd837,True
f1b307f9-a4a0-4418-8587-06e3139ba5e3,True
2716986d-090e-4c89-8dc1-55d7ce87ed81,True
4e8b47f0-cc99-4a41-bd9e-8b927088d111,True
4d1cd8ce-1197-4d76-8f49-77ff077c8666,True
e8b8c904-1d81-4b03-b7a2-c6d5eab50647,True
5dd6c3c9-6eda-45e3-8567-6e46cbde797f,True
0a3516a3-bff1-499d-8f0d-b09582110abc,True
0a025bc5-ae14-4b02-aba2-6154838708ac,True
13279c07-3710-430c-a72d-e51eb3c04d3c,True
208fb4cf-2561-4f5f-bfab-f54e61cc57ee,True
ab0215fd-e9e0-496c-8f39-ed97c4693814,True
e8e34afe-395f-4337-8ddb-4bc2ec3cbe43,True
6d5b84ed-0ebe-4f96-aece-8e4756acc4d5,True
24764adc-bd93-4911-8eec-9fc91d2d6689,True
b885ab20-5d1d-407e-9b56-a2d0b6325ec6,True
8c768461-0685-4cfc-a99a-21c2fcd429f6,True
88226936-babd-4c20-bb22-9a5bea863a2b,True
bd46b69a-3677-40ab-8aae-c399fd2957c6,True
5cf05271-ef94-4004-b18d-a092c2b9241e,True
15189ec6-ce9f-4e21-9e10-57bb78732710,True
3bf73872-b989-443f-9c76-caf4f96ef6eb,True
e9a56c71-877d-496a-bc7d-3810784a73ce,False
d9a1b31a-1fcc-4600-8791-46d1b2e20ce0,True
bc76cda8-85d1-41b0-a1a4-f46c69c0394d,True
9d9f6144-1134-4aa9-8e74-304654a9ea06,True
e9fdac94-cde2-4532-8979-85a937277133,True
214a4835-bba0-4ef1-836c-017893f4b6d8,True
bf6bf728-397f-42af-9e6e-6f6d1180f5e0,True
f0d64ac9-17f6-482c-a242-073ff5db6735,True
30b96ecf-39dd-4a76-a400-26fa369a1dae,True
